1774920681.443048,0,0,0,1,0,0
1774920681.4539602,0,0,0,1,0,0
1774920681.4643757,0,0,0,1,0,0
1774920681.4723122,0,0,0,1,0,0
1774920681.4812398,0,0,0,1,0,0
1774920681.489176,0,0,0,1,0,0
1774920681.4986,0,0,0,1,0,0
1774920681.5060399,0,0,0,1,0,0
1774920681.514968,0,0,0,1,0,0
1774920681.522408,0,0,0,1,0,0
1774920681.5313358,0,0,0,1,0,0
1774920681.5402637,0,0,0,1,0,0
1774920681.5491922,0,0,0,1,0,0
1774920681.5571277,0,0,0,1,0,0
1774920681.5655599,0,0,0,1,0,0
1774920681.573496,0,0,0,1,0,0
1774920681.5819278,0,0,0,1,0,0
1774920681.5898638,0,0,0,1,0,0
1774920681.5978,0,0,0,1,0,0
1774920681.6062322,0,0,0,1,0,0
1774920681.6146638,0,0,0,1,0,0
1774920681.6225998,0,0,0,1,0,0
1774920681.6310318,0,0,0,1,0,0
1774920681.6394637,0,0,0,1,0,0
1774920681.648888,0,0,0,1,0,0
1774920681.655832,0,0,0,1,0,0
1774920681.6657522,0,0,0,1,0,0
1774920681.6736877,0,0,0,1,0,0
1774920681.6831121,0,0,0,1,0,0
1774920681.7059276,0,0,0,1,0,0
1774920681.7148557,0,0,0,1,0,0
1774920681.7232878,0,0,0,1,0,0
1774920681.7312238,0,0,0,1,0,0
1774920681.7386637,0,0,0,1,0,0
1774920681.7475917,0,0,0,1,0,0
1774920681.7555277,0,0,0,1,0,0
1774920681.763464,0,0,0,1,0,0
1774920681.7714,0,0,0,1,0,0
1774920681.7808247,0,0,0,1,0,0
1774920681.790248,0,0,0,1,0,0
1774920681.8016558,0,0,0,1,0,0
1774920681.8105838,0,0,0,1,0,0
1774920681.8200083,0,0,0,1,0,0
1774920681.8299282,0,0,0,1,0,0
1774920681.8393517,0,0,0,1,0,0
1774920681.8487756,0,0,0,1,0,0
1774920681.8567116,0,0,0,1,0,0
1774920681.8661358,0,0,0,1,0,0
1774920681.8735754,0,0,0,1,0,0
1774920681.883496,0,0,0,1,0,0
1774920681.8909361,0,0,0,1,0,0
1774920681.899864,0,0,0,1,0,0
1774920681.9078,0,0,0,1,0,0
1774920681.9177198,0,0,0,1,0,0
1774920681.9256558,0,0,0,1,0,0
1774920681.935576,0,0,0,1,0,0
1774920681.9440076,0,0,0,1,0,0
1774920681.95492,0,0,0,1,0,0
1774920681.9633517,0,0,0,1,0,0
1774920681.9712875,0,0,0,1,0,0
1774920681.9802158,0,0,0,1,0,0
1774920681.9906318,0,0,0,1,0,0
1774920681.9995594,0,0,0,1,0,0
1774920682.0084875,0,0,0,1,0,0
1774920682.017912,0,0,0,1,0,0
1774920682.0248556,0,0,0,1,0,0
1774920682.0337842,0,0,0,1,0,0
1774920682.0441997,0,0,0,1,0,0
1774920682.0536234,0,0,0,1,0,0
1774920682.06404,0,0,0,1,0,0
1774920682.0714796,0,0,0,1,0,0
1774920682.0809042,0,0,0,1,0,0
1774920682.0888395,0,0,0,1,0,0
1774920682.0977676,0,0,0,1,0,0
1774920682.105208,0,0,0,1,0,0
1774920682.1146314,0,0,0,1,0,0
1774920682.1225674,0,0,0,1,0,0
1774920682.1300077,0,0,0,1,0,0
1774920682.1394317,0,0,0,1,0,0
1774920682.147368,0,0,0,1,0,0
1774920682.1553037,0,0,0,1,0,0
1774920682.1637354,0,0,0,1,0,0
1774920682.1716716,0,0,0,1,0,0
1774920682.1796076,0,0,0,1,0,0
1774920682.1875436,0,0,0,1,0,0
1774920682.1949837,0,0,0,1,0,0
1774920682.2024236,0,0,0,1,0,0
1774920682.2103596,0,0,0,1,0,0
1774920682.2187917,0,0,0,1,0,0
1774920682.2262318,0,0,0,1,0,0
1774920682.2361517,0,0,0,1,0,0
1774920682.2440875,0,0,0,1,0,0
1774920682.2525196,0,0,0,1,0,0
1774920682.2599597,0,0,0,1,0,0
1774920682.2688873,0,0,0,1,0,0
1774920682.2763274,0,0,0,1,0,0
1774920682.2857516,0,0,0,1,0,0
1774920682.2931914,0,0,0,1,0,0
1774920682.3031118,0,0,0,1,0,0
1774920682.3298965,0,0,0,1,0,0
1774920682.3378315,0,0,0,1,0,0
1774920682.3457675,0,0,0,1,0,0
1774920682.3532078,0,0,0,1,0,0
1774920682.3606474,0,0,0,1,0,0
1774920682.3685842,0,0,0,1,0,0
1774920682.3775117,0,0,0,1,0,0
1774920682.3889203,0,0,0,1,0,0
1774920682.4028075,0,0,0,1,0,0
1774920682.4132237,0,0,0,1,0,0
1774920682.4211595,0,0,0,1,0,0
1774920682.4281034,0,0,0,1,0,0
1774920682.4360394,0,0,0,1,0,0
1774920682.4429836,0,0,0,1,0,0
1774920682.4583595,0,0,0,1,0,0
1774920682.4672878,0,0,0,1,0,0
1774920682.4762156,0,0,0,1,0,0
1774920682.5654957,0,0,0,1,0,0
1774920682.57492,0,0,0,1,0,0
1774920682.5838478,0,0,0,1,0,0
1774920682.6775923,0,0,0,1,0,0
1774920682.7400875,0,0,0,1,0,0
1774920682.813993,0,0,0,1,0,0
1774920682.8244085,0,0,0,1,0,0
1774920682.868553,0,0,0,1,0,0
1774920682.885415,0,0,0,1,0,0
1774920682.8978152,0,0,0,1,0,0
1774920682.9940398,0,0,0,1,0,0
1774920683.012391,0,0,0,1,0,0
1774920683.0590155,0,0,0,1,0,0
1774920683.067943,0,0,0,1,0,0
1774920683.0753832,0,0,0,1,0,0
1774920683.1031592,0,0,0,1,0,0
1774920683.1105993,0,0,0,1,0,0
1774920683.1815279,0,0,0,1,0,0
1774920683.1894636,0,0,0,1,0,0
1774920683.1983914,0,0,0,1,0,0
1774920683.2529511,0,0,0,1,0,0
1774920683.358103,0,0,0,1,0,0
1774920683.3660393,0,0,0,1,0,0
1774920683.373479,0,0,0,1,0,0
1774920683.382407,0,0,0,1,0,0
1774920683.3933194,0,0,0,1,0,0
1774920683.4964871,0,0,0,1,0,0
1774920683.5297189,0,0,0,1,0,0
1774920683.5371592,0,0,0,1,0,0
1774920683.5445988,0,0,0,1,0,0
1774920683.5530312,0,0,0,1,0,0
1774920683.5872548,0,0,0,1,0,0
1774920683.6685994,0,0,0,1,0,0
1774920683.6770313,0,0,0,1,0,0
1774920683.686951,0,0,0,1,0,0
1774920683.8377347,0,0,0,1,0,0
1774920683.8451757,0,0,0,1,0,0
1774920683.8526149,0,0,0,1,0,0
1774920683.861543,0,0,0,1,0,0
1774920683.8699749,0,0,0,1,0,0
1774920683.9622319,0,0,0,1,0,0
1774920684.0088549,0,0,0,1,0,0
1774920684.0182786,0,0,0,1,0,0
1774920684.0272067,0,0,0,1,0,0
1774920684.0366306,0,0,0,1,0,0
1774920684.0445666,0,0,0,1,0,0
1774920684.051511,0,0,0,1,0,0
1774920684.0584543,0,0,0,1,0,0
1774920684.0683749,0,0,0,1,0,0
1774920684.075815,0,0,0,1,0,0
1774920684.0832546,0,0,0,1,0,0
1774920684.0906954,0,0,0,1,0,0
1774920684.0991268,0,0,0,1,0,0
1774920684.106567,0,0,0,1,0,0
1774920684.1149983,0,0,0,1,0,0
1774920684.1229348,0,0,0,1,0,0
1774920684.131367,0,0,0,1,0,0
1774920684.139303,0,0,0,1,0,0
1774920684.1487267,0,0,0,1,0,0
1774920684.156167,0,0,0,1,0,0
1774920684.162615,0,0,0,1,0,0
1774920684.1700544,0,0,0,1,0,0
1774920684.1765022,0,0,0,1,0,0
1774920684.1844385,0,0,0,1,0,0
1774920684.1918786,0,0,0,1,0,0
1774920684.199319,0,0,0,1,0,0
1774920684.2062626,0,0,0,1,0,0
1774920684.2132065,0,0,0,1,0,0
1774920684.221143,0,0,0,1,0,0
1774920684.232055,0,0,0,1,0,0
1774920684.238999,0,0,0,1,0,0
1774920684.2464387,0,0,0,1,0,0
1774920684.2533824,0,0,0,1,0,0
1774920684.2603266,0,0,0,1,0,0
1774920684.2677667,0,0,0,1,0,0
1774920684.2742147,0,0,0,1,0,0
1774920684.282151,0,0,0,1,0,0
1774920684.2890944,0,0,0,1,0,0
1774920684.3005025,0,0,0,1,0,0
1774920684.3079426,0,0,0,1,0,0
1774920684.3168705,0,0,0,1,0,0
1774920684.42004,0,0,0,1,0,0
1774920684.4924543,0,0,0,1,0,0
1774920684.5008864,0,0,0,1,0,0
1774920684.5098147,0,0,0,1,0,0
1774920684.5177507,0,0,0,1,0,0
1774920684.5256865,0,0,0,1,0,0
1774920684.5336223,0,0,0,1,0,0
1774920684.5410624,0,0,0,1,0,0
1774920684.5489998,0,0,0,1,0,0
1774920684.5574305,0,0,0,1,0,0
1774920684.5847104,0,0,0,1,0,0
1774920684.5921504,0,0,0,1,0,0
1774920684.6005826,0,0,0,1,0,0
1774920684.6080225,0,0,0,1,0,0
1774920684.6179428,0,0,0,1,0,0
1774920684.6253827,0,0,0,1,0,0
1774920684.663079,0,0,0,1,0,0
1774920684.671511,0,0,0,1,0,0
1774920684.6819267,0,0,0,1,0,0
1774920684.6908545,0,0,0,1,0,0
1774920684.7002788,0,0,0,1,0,0
1774920684.7087107,0,0,0,1,0,0
1774920684.7171426,0,0,0,1,0,0
1774920684.7260706,0,0,0,1,0,0
1774920684.7340066,0,0,0,1,0,0
1774920684.7414467,0,0,0,1,0,0
1774920684.7493827,0,0,0,1,0,0
1774920684.8332071,0,0,0,1,0,0
1774920684.8416386,0,0,0,1,0,0
1774920684.8515584,0,0,0,1,0,0
1774920684.8585024,0,0,0,1,0,0
1774920684.8669345,0,0,0,1,0,0
1774920684.8748708,0,0,0,1,0,0
1774920684.8837986,0,0,0,1,0,0
1774920684.8932226,0,0,0,1,0,0
1774920684.9026468,0,0,0,1,0,0
1774920684.9105825,0,0,0,1,0,0
1774920684.9205024,0,0,0,1,0,0
1774920684.9289346,0,0,0,1,0,0
1774920685.0415263,0,0,0,1,0,0
1774920685.1248543,0,0,0,1,0,0
1774920685.134278,0,0,0,1,0,0
1774920685.2002463,0,0,0,1,0,0
1774920685.208182,0,0,0,1,0,0
1774920685.2161183,0,0,0,1,0,0
1774920685.2240543,0,0,0,1,0,0
1774920685.2314942,0,0,0,1,0,0
1774920685.2429035,0,0,0,1,0,0
1774920685.2553024,0,0,0,1,0,0
1774920685.2974625,0,0,0,1,0,0
1774920685.3053982,0,0,0,1,0,0
1774920685.3133342,0,0,0,1,0,0
1774920685.3212702,0,0,0,1,0,0
1774920685.3554957,0,0,0,1,0,0
1774920685.3902144,0,0,0,1,0,0
1774920685.4001346,0,0,0,1,0,0
1774920685.4080703,0,0,0,1,0,0
1774920685.4179904,0,0,0,1,0,0
1774920685.4333663,0,0,0,1,0,0
1774920685.4408062,0,0,0,1,0,0
1774920685.4497347,0,0,0,1,0,0
1774920685.4670944,0,0,0,1,0,0
1774920685.5494308,0,0,0,1,0,0
1774920685.5613341,0,0,0,1,0,0
1774920685.5707588,0,0,0,1,0,0
1774920685.5806787,0,0,0,1,0,0
1774920685.5891106,0,0,0,1,0,0
1774920685.600022,0,0,0,1,0,0
1774920685.6079586,0,0,0,1,0,0
1774920685.6173828,0,0,0,1,0,0
1774920685.6268063,0,0,0,1,0,0
1774920685.637223,0,0,0,1,0,0
1774920685.647639,0,0,0,1,0,0
1774920685.6550784,0,0,0,1,0,0
1774920685.6649983,0,0,0,1,0,0
1774920685.6724384,0,0,0,1,0,0
1774920685.6813662,0,0,0,1,0,0
1774920685.6902945,0,0,0,1,0,0
1774920685.7061663,0,0,0,1,0,0
1774920685.7150943,0,0,0,1,0,0
1774920685.722534,0,0,0,1,0,0
1774920685.7304704,0,0,0,1,0,0
1774920685.738406,0,0,0,1,0,0
1774920685.7458463,0,0,0,1,0,0
1774920685.7537823,0,0,0,1,0,0
1774920685.7612221,0,0,0,1,0,0
1774920685.769654,0,0,0,1,0,0
1774920685.777094,0,0,0,1,0,0
1774920685.7850301,0,0,0,1,0,0
1774920685.7934618,0,0,0,1,0,0
1774920685.8018937,0,0,0,1,0,0
1774920685.8098302,0,0,0,1,0,0
1774920685.8177662,0,0,0,1,0,0
1774920685.8252065,0,0,0,1,0,0
1774920685.8331423,0,0,0,1,0,0
1774920685.8405824,0,0,0,1,0,0
1774920685.8485184,0,0,0,1,0,0
1774920685.855958,0,0,0,1,0,0
1774920685.8648868,0,0,0,1,0,0
1774920685.873318,0,0,0,1,0,0
1774920685.8832378,0,0,0,1,0,0
1774920685.8911743,0,0,0,1,0,0
1774920685.912998,0,0,0,1,0,0
1774920685.924406,0,0,0,1,0,0
1774920685.9328384,0,0,0,1,0,0
1774920685.940774,0,0,0,1,0,0
1774920685.949206,0,0,0,1,0,0
1774920685.9566462,0,0,0,1,0,0
1774920685.965078,0,0,0,1,0,0
1774920685.972518,0,0,0,1,0,0
1774920685.9804542,0,0,0,1,0,0
1774920685.987894,0,0,0,1,0,0
1774920685.9963264,0,0,0,1,0,0
1774920686.003766,0,0,0,1,0,0
1774920686.0107102,0,0,0,1,0,0
1774920686.019142,0,0,0,1,0,0
1774920686.02559,0,0,0,1,0,0
1774920686.0340219,0,0,0,1,0,0
1774920686.040966,0,0,0,1,0,0
1774920686.049894,0,0,0,1,0,0
1774920686.057334,0,0,0,1,0,0
1774920686.065766,0,0,0,1,0,0
1774920686.073206,0,0,0,1,0,0
1774920686.081638,0,0,0,1,0,0
1774920686.0895739,0,0,0,1,0,0
1774920686.09751,0,0,0,1,0,0
1774920686.108918,0,0,0,1,0,0
1774920686.11735,0,0,0,1,0,0
1774920686.1252856,0,0,0,1,0,0
1774920686.1332216,0,0,0,1,0,0
1774920686.1411579,0,0,0,1,0,0
1774920686.14959,0,0,0,1,0,0
1774920686.157526,0,0,0,1,0,0
1774920686.165462,0,0,0,1,0,0
1774920686.174886,0,0,0,1,0,0
1774920686.1833177,0,0,0,1,0,0
1774920686.190758,0,0,0,1,0,0
1774920686.19919,0,0,0,1,0,0
1774920686.20663,0,0,0,1,0,0
1774920686.214566,0,0,0,1,0,0
1774920686.222502,0,0,0,1,0,0
1774920686.230438,0,0,0,1,0,0
1774920686.238374,0,0,0,1,0,0
1774920686.2512698,0,0,0,1,0,0
1774920686.2592063,0,0,0,1,0,0
1774920686.2671418,0,0,0,1,0,0
1774920686.274086,0,0,0,1,0,0
1774920686.2835104,0,0,0,1,0,0
1774920686.2919424,0,0,0,1,0,0
1774920686.3008697,0,0,0,1,0,0
1774920686.309302,0,0,0,1,0,0
1774920686.3182297,0,0,0,1,0,0
1774920686.32567,0,0,0,1,0,0
1774920686.3341022,0,0,0,1,0,0
1774920686.3425338,0,0,0,1,0,0
1774920686.350966,0,0,0,1,0,0
1774920686.3584058,0,0,0,1,0,0
1774920686.367334,0,0,0,1,0,0
1774920686.37527,0,0,0,1,0,0
1774920686.383206,0,0,0,1,0,0
1774920686.391142,0,0,0,1,0,0
1774920686.399078,0,0,0,1,0,0
1774920686.407014,0,0,0,1,0,0
1774920686.415942,0,0,0,1,0,0
1774920686.423878,0,0,0,1,0,0
1774920686.4333017,0,0,0,1,0,0
1774920686.4407418,0,0,0,1,0,0
1774920686.449174,0,0,0,1,0,0
1774920686.4571095,0,0,0,1,0,0
1774920686.4650457,0,0,0,1,0,0
1774920686.472982,0,0,0,1,0,0
1774920686.4814136,0,0,0,1,0,0
1774920686.4893498,0,0,0,1,0,0
1774920686.5022457,0,0,0,1,0,0
1774920686.514646,0,0,0,1,0,0
1774920686.5220854,0,0,0,1,0,0
1774920686.530518,0,0,0,1,0,0
1774920686.537958,0,0,0,1,0,0
1774920686.5458941,0,0,0,1,0,0
1774920686.5543258,0,0,0,1,0,0
1774920686.563256,0,0,0,1,0,0
1774920686.5711896,0,0,0,1,0,0
1774920686.5791264,0,0,0,1,0,0
1774920686.586566,0,0,0,1,0,0
1774920686.5940058,0,0,0,1,0,0
1774920686.602438,0,0,0,1,0,0
1774920686.6098776,0,0,0,1,0,0
1774920686.61831,0,0,0,1,0,0
1774920686.6252532,0,0,0,1,0,0
1774920686.6336858,0,0,0,1,0,0
1774920686.641126,0,0,0,1,0,0
1774920686.650054,0,0,0,1,0,0
1774920686.6574943,0,0,0,1,0,0
1774920686.6659257,0,0,0,1,0,0
1774920686.673862,0,0,0,1,0,0
1774920686.6817977,0,0,0,1,0,0
1774920686.6892385,0,0,0,1,0,0
1774920686.7031255,0,0,0,1,0,0
1774920686.7110615,0,0,0,1,0,0
1774920686.7199895,0,0,0,1,0,0
1774920686.7274299,0,0,0,1,0,0
1774920686.73735,0,0,0,1,0,0
1774920686.74479,0,0,0,1,1,0
1774920686.7537177,0,0,0,1,12,0
1774920686.7606618,0,0,0,1,16,0
1774920686.7695897,0,0,0,1,16,0
1774920686.7770295,0,0,0,1,16,0
1774920686.7854614,0,0,0,1,23,0
1774920686.7938938,0,0,0,1,34,0
1774920686.8018296,0,0,0,1,34,0
1774920686.8097656,0,0,0,1,43,0
1774920686.8181977,0,0,0,1,43,0
1774920686.8261335,0,0,0,1,50,0
1774920686.835062,0,0,0,1,57,0
1774920686.842998,0,0,0,1,57,0
1774920686.8509338,0,0,0,1,64,0
1774920686.8583736,0,0,0,1,64,0
1774920686.8673017,0,0,0,1,70,0
1774920686.8752375,0,0,0,1,78,0
1774920686.8836696,0,0,0,1,78,0
1774920686.891606,0,0,0,1,83,0
1774920686.8995416,0,0,0,1,83,0
1774920686.9074776,0,0,0,1,90,0
1774920686.915414,0,0,0,1,95,0
1774920686.9258294,0,0,0,1,102,0
1774920686.9337666,0,0,0,1,102,0
1774920686.9431896,0,0,0,1,109,0
1774920686.9516218,0,0,0,1,116,0
1774920686.9595573,0,0,0,1,116,0
1774920686.9674942,0,0,0,1,120,0
1774920686.9759257,0,0,0,1,120,0
1774920686.9843578,0,0,0,1,129,0
1774920686.9922936,0,0,0,1,129,0
1774920686.9997334,0,0,0,1,136,0
1774920687.0071738,0,0,0,1,140,0
1774920687.0175898,0,0,0,1,140,0
1774920687.0250297,0,0,0,1,148,0
1774920687.0334618,0,0,0,1,148,0
1774920687.0409017,0,0,0,1,157,0
1774920687.0498297,0,0,0,1,157,0
1774920687.0592535,0,0,0,1,166,0
1774920687.0671897,0,0,0,1,166,0
1774920687.0746295,0,0,0,1,173,0
1774920687.0825653,0,0,0,3,178,0
1774920687.0929816,0,0,0,3,178,0
1774920687.101414,1,0,0,24,185,0
1774920687.1093495,14,0,0,39,194,0
1774920687.1172857,14,0,0,39,194,0
1774920687.1257174,24,0,0,56,201,0
1774920687.1336539,24,0,0,56,201,0
1774920687.1410935,30,0,0,68,206,0
1774920687.1500218,42,0,0,80,214,0
1774920687.1574616,42,0,0,80,214,0
1774920687.1658938,45,0,0,93,221,0
1774920687.1733336,45,0,0,93,221,0
1774920687.1817653,53,10,0,103,225,0
1774920687.1901977,62,23,20,114,233,0
1774920687.1981337,62,23,20,114,233,0
1774920687.2060695,67,32,29,120,240,0
1774920687.2145014,67,32,29,120,240,0
1774920687.2229335,77,39,36,135,249,0
1774920687.2308695,77,39,36,135,249,0
1774920687.2388053,84,49,46,150,256,0
1774920687.2477334,84,49,46,150,256,0
1774920687.2551737,90,54,53,161,262,0
1774920687.2636058,90,54,53,161,262,0
1774920687.2715418,97,61,58,170,268,0
1774920687.2794778,97,61,58,170,268,0
1774920687.2874136,107,71,67,183,278,0
1774920687.2948534,112,78,76,193,284,0
1774920687.3032854,112,78,76,193,284,0
1774920687.31271,119,82,84,209,293,0
1774920687.3206456,126,92,89,222,299,0
1774920687.3285816,130,96,96,229,303,0
1774920687.3380055,130,96,96,229,303,0
1774920687.345942,136,100,100,235,306,0
1774920687.3543737,143,104,107,241,313,0
1774920687.3613176,143,104,107,241,313,0
1774920687.3702455,148,112,112,252,322,0
1774920687.3776853,152,119,120,266,327,0
1774920687.3871095,152,119,120,266,327,0
1774920687.3950453,159,127,124,276,330,0
1774920687.4034774,159,127,124,276,330,0
1774920687.4114134,159,127,124,276,330,0
1774920687.4193494,159,127,124,276,330,0
1774920687.4267895,159,127,124,276,330,0
1774920687.4357173,159,127,124,276,330,0
1774920687.4426613,159,127,124,276,330,0
1774920687.4510932,159,127,124,276,330,0
1774920687.4610136,170,148,152,318,369,0
1774920687.4694455,170,148,152,318,369,0
1774920687.4778771,205,168,168,343,375,0
1774920687.4877977,205,168,168,343,375,0
1774920687.4952376,211,174,174,355,379,0
1774920687.5031734,220,184,182,365,386,0
1774920687.5106132,220,184,182,365,386,0
1774920687.5190454,225,187,187,374,392,0
1774920687.5264857,230,196,194,382,401,0
1774920687.5349176,230,196,194,382,401,0
1774920687.54335,235,203,201,394,407,0
1774920687.5517812,235,203,201,394,407,0
1774920687.5602133,244,211,209,404,414,0
1774920687.5686452,244,211,209,404,414,0
1774920687.5775733,258,220,221,427,420,0
1774920687.5869977,258,220,221,427,420,0
1774920687.5944374,265,230,230,438,436,0
1774920687.6038616,272,237,237,453,439,0
1774920687.6113017,272,237,237,453,439,0
1774920687.6197333,279,243,242,459,443,0
1774920687.6281655,285,251,245,466,450,0
1774920687.6361015,285,251,245,466,450,0
1774920687.6455257,289,258,252,479,457,0
1774920687.6529653,289,258,252,479,457,0
1774920687.6609013,301,263,266,490,465,0
1774920687.6693335,301,263,266,490,465,0
1774920687.6772692,308,266,271,505,473,0
1774920687.6866934,308,266,271,505,473,0
1774920687.6951253,312,278,275,513,479,0
1774920687.7035575,321,284,285,530,487,0
1774920687.7109973,326,290,292,535,491,0
1774920687.7209172,331,295,294,545,498,0
1774920687.7288544,331,295,294,545,498,0
1774920687.7367892,331,295,294,545,498,0
1774920687.7442293,336,304,301,556,503,0
1774920687.7531574,336,304,301,556,503,0
1774920687.7605972,345,312,312,573,512,0
1774920687.769525,345,312,312,573,512,0
1774920687.7769654,356,325,323,579,522,0
1774920687.7858934,364,332,328,596,528,0
1774920687.7948213,368,333,330,603,533,0
1774920687.8032532,368,333,330,603,533,0
1774920687.8106933,374,340,336,613,540,0
1774920687.819125,374,340,336,613,540,0
1774920687.8270612,385,347,346,621,547,0
1774920687.835493,389,358,352,637,553,0
1774920687.8434289,389,358,352,637,553,0
1774920687.851365,395,363,357,642,559,0
1774920687.8593016,402,367,365,656,565,0
1774920687.9798303,459,427,401,750,604,0
1774920687.987765,464,433,401,762,597,0
1774920688.0145493,464,433,401,762,597,0
1774920688.0219893,473,438,401,764,597,0
1774920688.0309172,487,452,401,793,597,0
1774920688.038357,487,452,401,793,597,0
1774920688.0467894,487,452,401,793,597,0
1774920688.0547254,492,459,401,796,597,0
1774920688.0636532,503,470,401,821,598,0
1774920688.0715895,503,470,401,821,598,0
1774920688.0795252,503,470,401,821,598,0
1774920688.0874612,511,477,401,832,598,0
1774920688.0953977,511,477,401,832,598,0
1774920688.1033335,522,489,401,851,599,0
1774920688.110773,522,489,401,851,599,0
1774920688.1187093,527,494,401,853,599,0
1774920688.1271415,527,494,401,853,599,0
1774920688.135573,534,500,401,872,599,0
1774920688.144005,541,512,401,886,599,0
1774920688.151941,541,512,401,886,599,0
1774920688.159877,548,519,401,894,599,0
1774920688.167813,548,519,401,894,599,0
1774920688.175253,558,524,401,908,599,0
1774920688.1836846,558,524,401,908,599,0
1774920688.191125,565,531,401,918,599,0
1774920688.199061,565,531,401,918,599,0
1774920688.206501,573,538,401,930,599,0
1774920688.215429,573,538,401,930,599,0
1774920688.223365,580,548,401,945,599,0
1774920688.231797,585,554,401,949,599,0
1774920688.2397332,585,554,401,949,599,0
1774920688.2481651,595,559,401,966,599,0
1774920688.255605,595,559,401,966,599,0
1774920688.2650292,601,567,401,978,599,0
1774920688.2724693,608,578,401,984,599,0
1774920688.2833812,608,578,401,984,599,0
1774920688.2908213,613,582,401,995,599,0
1774920688.2987568,619,589,401,1011,599,0
1774920688.307189,619,589,401,1011,599,0
1774920688.3156211,624,595,401,1017,599,0
1774920688.324053,632,602,401,1026,599,0
1774920688.3324852,632,602,401,1026,599,0
1774920688.3409166,638,608,401,1043,599,0
1774920688.3488536,638,608,401,1043,599,0
1774920688.3562932,638,608,401,1043,599,0
1774920688.365717,647,616,401,1053,599,0
1774920688.3736527,647,616,401,1053,599,0
1774920688.3820848,650,625,401,1069,599,0
1774920688.390021,650,625,401,1069,599,0
1774920688.398453,650,637,401,1084,599,0
1774920688.405397,650,637,401,1084,599,0
1774920688.4138288,650,643,401,1098,599,0
1774920688.421269,650,651,401,1097,599,0
1774920688.4306931,650,655,401,1097,599,0
1774920688.4381332,650,655,401,1097,599,0
1774920688.4460695,650,662,401,1096,599,0
1774920688.454501,650,667,401,1097,599,0
1774920688.461941,650,667,401,1097,599,0
1774920688.469877,650,672,401,1097,599,0
1774920688.477317,650,672,401,1097,599,0
1774920688.4857492,650,680,401,1097,599,0
1774920688.4941812,650,680,401,1097,599,0
1774920688.5031092,650,680,401,1097,599,0
1774920688.5105495,650,680,401,1096,599,0
1774920688.5189812,650,680,401,1097,599,0
1774920688.527909,650,680,401,1097,599,0
1774920688.536341,650,680,401,1097,599,0
1774920688.5437808,650,680,401,1097,599,0
1774920688.552709,650,680,401,1097,599,0
1774920688.5606449,650,680,401,1097,599,0
1774920688.569077,650,680,401,1096,599,0
1774920688.5765169,650,680,401,1096,599,0
1774920688.585445,650,680,401,1097,599,0
1774920688.5943732,650,680,401,1097,599,0
1774920688.6028056,650,680,401,1097,599,0
1774920688.6112368,650,680,401,1097,599,0
1774920688.619669,650,680,401,1097,599,0
1774920688.627605,650,680,401,1097,599,0
1774920688.6360369,650,680,401,1097,599,0
1774920688.6434772,650,680,401,1097,599,0
1774920688.653397,650,680,401,1097,599,0
1774920688.660837,650,680,401,1097,599,0
1774920688.6692688,650,680,401,1097,599,0
1774920688.6767092,650,680,401,1097,599,0
1774920688.6846447,650,680,401,1097,599,0
1774920688.693077,650,680,401,1097,598,0
1774920688.7010128,650,680,401,1097,598,0
1774920688.7094448,650,680,401,1097,599,0
1774920688.7178767,650,680,401,1097,599,0
1774920688.725317,650,680,401,1097,599,0
1774920688.733749,650,680,401,1097,599,0
1774920688.7411888,650,680,401,1096,599,0
1774920688.749125,650,680,401,1097,599,0
1774920688.757061,650,680,401,1097,599,0
1774920688.765493,650,680,401,1097,599,0
1774920688.7739246,650,680,401,1097,599,0
1774920688.7818608,650,680,401,1097,599,0
1774920688.789301,650,680,401,1097,599,0
1774920688.798229,650,680,401,1097,599,0
1774920688.8056686,650,680,401,1097,599,0
1774920688.8145967,650,680,401,1097,599,0
1774920688.8230293,650,680,401,1097,599,0
1774920688.8314612,650,680,401,1097,599,0
1774920688.839397,650,680,401,1097,599,0
1774920688.848821,650,680,401,1097,599,0
1774920688.8562608,650,680,401,1097,599,0
1774920688.8641965,650,680,401,1097,599,0
1774920688.8726292,650,680,401,1097,599,0
1774920688.881061,650,680,401,1097,599,0
1774920688.888501,650,680,401,1097,599,0
1774920688.8954446,650,680,401,1097,599,0
1774920688.9038765,650,680,401,1097,599,0
1774920688.9128053,650,680,401,1097,599,0
1774920688.922229,650,680,401,1097,599,0
1774920688.9311566,650,680,401,1097,599,0
1774920688.9390926,650,680,401,1097,599,0
1774920688.9475248,650,680,401,1096,599,0
1774920688.9549646,650,680,401,1096,599,0
1774920688.962405,650,680,401,1096,599,0
1774920688.9703412,650,680,401,1096,599,0
1774920688.9777806,650,680,401,1097,599,0
1774920688.9867089,650,680,401,1097,599,0
1774920688.9946444,650,680,401,1096,599,0
1774920689.0030768,650,680,401,1096,599,0
1774920689.010517,650,680,401,1096,599,0
1774920689.0184526,650,680,401,1096,599,0
1774920689.0258934,650,680,401,1097,599,0
1774920689.0338285,650,680,401,1097,599,0
1774920689.0412686,650,680,401,1097,599,0
1774920689.0501966,650,680,401,1097,599,0
1774920689.0591245,650,680,401,1098,599,0
1774920689.0670605,650,680,401,1098,599,0
1774920689.0749965,650,680,401,1097,599,0
1774920689.0829327,650,680,401,1097,599,0
1774920689.092357,650,680,401,1097,599,0
1774920689.101781,650,680,401,1097,599,0
1774920689.1092205,650,680,401,1097,599,0
1774920689.117157,650,680,401,1097,599,0
1774920689.1260846,650,680,401,1097,600,0
1774920689.134517,650,680,401,1097,600,0
1774920689.1419566,650,680,401,1097,599,0
1774920689.1498928,650,680,401,1097,599,0
1774920689.1573327,650,680,401,1097,599,0
1774920689.1657646,650,680,401,1097,599,0
1774920689.174197,650,680,401,1097,599,0
1774920689.1831253,650,680,401,1097,599,0
1774920689.1905646,650,680,401,1097,599,0
1774920689.1989965,650,680,401,1097,599,0
1774920689.2064366,650,680,401,1097,599,0
1774920689.2148688,650,680,401,1097,599,0
1774920689.222309,650,680,401,1097,599,0
1774920689.2302449,650,680,401,1097,599,0
1774920689.2381809,650,680,401,1097,599,0
1774920689.2485964,650,680,401,1097,599,0
1774920689.256533,650,680,401,1097,599,0
1774920689.2639725,650,680,401,1097,599,0
1774920689.272901,650,680,401,1097,599,0
1774920689.2808366,650,680,401,1097,599,0
1774920689.289269,650,680,401,1097,599,0
1774920689.297205,650,680,401,1097,599,0
1774920689.3051407,650,680,401,1097,599,0
1774920689.3130767,650,680,401,1098,599,0
1774920689.3210125,650,680,401,1097,599,0
1774920689.3294454,650,680,401,1097,599,0
1774920689.3373806,650,680,401,1097,599,0
1774920689.3448205,650,680,401,1097,599,0
1774920689.3532526,650,680,401,1097,599,0
1774920689.3606925,650,680,401,1097,599,0
1774920689.3701167,650,680,401,1097,599,0
1774920689.3770607,650,680,401,1097,599,0
1774920689.3854926,650,680,401,1097,599,0
1774920689.3929327,650,680,401,1097,599,0
1774920689.4013643,650,680,401,1097,599,0
1774920689.4097974,650,680,401,1097,599,0
1774920689.4182286,650,680,401,1096,599,0
1774920689.425669,650,680,401,1096,599,0
1774920689.4336047,650,680,401,1096,599,0
1774920689.4430287,650,680,401,1096,599,0
1774920689.450965,650,680,401,1097,599,0
1774920689.4584045,650,680,401,1097,599,0
1774920689.4678285,650,680,401,1097,599,0
1774920689.4752686,650,680,401,1097,599,0
1774920689.4837008,650,680,401,1097,599,0
1774920689.4931247,650,680,401,1097,599,0
1774920689.5015564,650,680,401,1097,599,0
1774920689.5099885,650,680,401,1097,599,0
1774920689.5179245,650,680,401,1097,599,0
1774920689.5253644,650,680,401,1097,599,0
1774920689.5337968,650,680,401,1097,599,0
1774920689.5417325,650,680,401,1097,599,0
1774920689.5521483,650,680,401,1097,599,0
1774920689.5600846,650,680,401,1097,599,0
1774920689.5705006,650,680,401,1097,599,0
1774920689.5784366,650,680,401,1097,599,0
1774920689.5863724,650,680,401,1097,599,0
1774920689.5933168,650,680,401,1097,599,0
1774920689.6012523,650,680,401,1097,599,0
1774920689.6364684,650,680,401,1097,599,0
1774920689.6439085,650,680,401,1097,599,0
1774920689.6523404,650,680,401,1097,599,0
1774920689.6602764,650,680,401,1097,599,0
1774920689.6687083,650,680,401,1097,599,0
1774920689.6781325,650,680,401,1097,599,0
1774920689.6865647,650,679,401,1097,597,0
1774920689.6935086,650,679,401,1097,597,0
1774920689.7019405,650,680,401,1097,583,0
1774920689.7103724,650,680,401,1097,583,0
1774920689.7193012,650,680,401,1096,566,0
1774920689.7272365,650,680,401,1096,566,0
1774920689.7351723,650,680,401,1097,563,0
1774920689.743108,650,680,401,1096,559,0
1774920689.7510445,650,680,401,1096,559,0
1774920689.7584844,650,680,401,1097,550,0
1774920689.7684045,650,680,401,1097,550,0
1774920689.7758443,650,680,401,1098,539,0
1774920689.7842765,650,680,401,1097,532,0
1774920689.7917163,650,680,401,1097,532,0
1774920689.8001487,650,680,401,1096,529,0
1774920689.8075886,650,680,401,1096,529,0
1774920689.8150284,650,680,401,1097,519,0
1774920689.8229642,650,680,401,1097,519,0
1774920689.8333805,650,680,401,1097,510,0
1774920689.8403246,650,680,401,1097,510,0
1774920689.8487563,650,680,401,1097,505,0
1774920689.8561966,650,680,401,1097,505,0
1774920689.8641324,650,680,401,1097,493,0
1774920689.8715725,650,680,401,1097,493,0
1774920689.8809967,650,680,401,1097,486,0
1774920689.889924,650,680,401,1097,479,0
1774920689.898356,650,680,401,1097,479,0
1774920689.9057965,650,680,401,1097,476,0
1774920689.913732,650,680,401,1097,476,0
1774920689.9211721,650,680,401,1097,462,0
1774920689.9291081,650,680,401,1097,462,0
1774920689.938532,650,680,401,1096,462,0
1774920689.9459727,650,680,401,1098,452,0
1774920689.9544044,650,680,401,1098,452,0
1774920689.9618447,650,680,401,1098,445,0
1774920689.9697804,650,680,401,1098,445,0
1774920689.9772203,650,680,401,1097,439,0
1774920689.9861484,650,680,401,1097,439,0
1774920689.9940841,650,680,401,1098,430,0
1774920690.0035083,650,680,401,1097,425,0
1774920690.0109487,650,680,401,1099,419,0
1774920690.0193806,643,680,401,1100,414,0
1774920690.0273163,643,680,401,1100,414,0
1774920690.0352523,632,674,389,1094,411,0
1774920690.0426924,632,674,389,1094,411,0
1774920690.0511246,622,658,374,1069,400,0
1774920690.059556,622,658,374,1069,400,0
1774920690.0674927,619,651,370,1057,394,0
1774920690.0754282,607,639,359,1046,389,0
1774920690.083364,607,639,359,1046,389,0
1774920690.0908036,602,634,352,1036,383,0
1774920690.099236,597,628,347,1024,375,0
1774920690.1081643,597,628,347,1024,375,0
1774920690.1156042,586,623,340,1019,369,0
1774920690.1240363,581,616,332,1015,365,0
1774920690.1314764,581,616,332,1015,365,0
1774920690.1394124,579,611,329,1007,354,0
1774920690.1473494,579,611,329,1007,354,0
1774920690.1557808,570,604,325,997,351,0
1774920690.1637163,559,596,310,983,346,0
1774920690.1731405,559,596,310,983,346,0
1774920690.1815724,555,590,304,979,341,0
1774920690.1914923,549,583,299,970,332,0
1774920690.2004201,541,576,295,956,327,0
1774920690.2088523,541,576,295,956,327,0
1774920690.2172842,538,569,291,949,322,0
1774920690.225716,529,561,284,940,311,0
1774920690.2341475,529,561,284,940,311,0
1774920690.2425802,524,556,278,933,307,0
1774920690.2510123,524,556,278,933,307,0
1774920690.2589483,515,551,267,918,301,0
1774920690.2668836,508,545,258,912,292,0
1774920690.2763083,508,545,258,912,292,0
1774920690.284741,501,538,253,902,287,0
1774920690.2941644,501,538,253,902,287,0
1774920690.3025959,495,530,248,895,282,0
1774920690.310532,489,523,239,876,271,0
1774920690.3189642,483,517,237,872,268,0
1774920690.3264043,483,517,237,872,268,0
1774920690.3348362,475,507,232,866,264,0
1774920690.3427722,470,501,228,858,257,0
1774920690.3517003,470,501,228,858,257,0
1774920690.3596363,463,496,216,850,247,0
1774920690.3680677,457,492,209,839,242,0
1774920690.3755083,457,492,209,839,242,0
1774920690.3834443,452,486,204,834,237,0
1774920690.3913803,452,486,204,834,237,0
1774920690.400308,442,477,197,817,230,0
1774920690.408244,442,477,197,817,230,0
1774920690.416676,436,468,187,805,223,0
1774920690.424612,436,468,187,805,223,0
1774920690.43354,427,459,181,798,214,0
1774920690.4414766,422,454,178,791,208,0
1774920690.4504042,422,454,178,791,208,0
1774920690.4583397,414,447,168,782,199,0
1774920690.4687562,407,440,164,769,195,0
1774920690.476196,407,440,164,769,195,0
1774920690.486116,402,431,153,756,187,0
1774920690.493556,402,431,153,756,187,0
1774920690.5024843,390,421,143,748,178,0
1774920690.509924,386,417,135,738,173,0
1774920690.5188527,386,417,135,738,173,0
1774920690.5262923,380,412,131,728,169,0
1774920690.534228,380,412,131,728,169,0
1774920690.5421643,380,412,131,728,169,0
1774920690.551092,371,403,126,717,162,0
1774920690.5590281,360,393,117,703,150,0
1774920690.5679557,360,393,117,703,150,0
1774920690.5763881,360,393,117,703,150,0
1774920690.5848203,353,386,110,696,139,0
1774920690.5922601,353,386,110,696,139,0
1774920690.60218,353,386,110,696,139,0
1774920690.6101162,341,375,95,678,135,0
1774920690.619044,333,365,88,662,119,0
1774920690.6264844,333,365,88,662,119,0
1774920690.6349163,327,360,83,654,117,0
1774920690.6433482,319,346,70,642,106,0
1774920690.6517801,319,346,70,642,106,0
1774920690.65922,315,341,65,638,100,0
1774920690.6676521,315,341,65,638,100,0
1774920690.675588,305,336,62,624,93,0
1774920690.6835241,305,336,62,624,93,0
1774920690.6919565,295,330,53,613,87,0
1774920690.6998923,295,330,53,613,87,0
1774920690.7083242,288,319,44,604,76,0
1774920690.717748,288,319,44,604,76,0
1774920690.7256842,281,311,36,593,72,0
1774920690.734612,273,305,29,580,64,0
1774920690.7430441,268,300,24,576,58,0
1774920690.75098,268,300,24,576,58,0
1774920690.7584198,263,291,15,568,51,0
1774920690.768836,263,291,15,568,51,0
1774920690.7762759,256,286,6,553,43,0
1774920690.7857,248,280,1,546,38,0
1774920690.7936358,240,273,0,535,32,0
1774920690.801572,240,273,0,535,32,0
1774920690.8104997,235,267,0,527,27,0
1774920690.8194277,235,267,0,527,27,0
1774920690.8273647,230,262,0,515,16,0
1774920690.8352995,230,262,0,515,16,0
1774920690.8432357,223,253,0,506,12,0
1774920690.8516676,223,253,0,506,12,0
1774920690.8601,214,243,0,498,3,0
1774920690.8680358,214,243,0,498,3,0
1774920690.8759716,206,237,0,486,0,0
1774920690.8844035,206,237,0,486,0,0
1774920690.8923402,195,226,0,470,0,0
1774920690.9027555,189,218,0,461,0,0
1774920690.9111881,189,218,0,461,0,0
1774920690.9201162,181,212,0,453,0,0
1774920690.9275558,181,212,0,453,0,0
1774920690.9369798,175,204,0,441,1,0
1774920690.9464052,175,204,0,441,1,0
1774920690.9548361,167,195,0,427,3,0
1774920690.96426,167,195,0,427,3,0
1774920690.9726918,159,188,0,416,3,0
1774920690.9811242,152,184,0,409,3,0
1774920690.9895563,152,184,0,409,3,0
1774920690.9974916,145,175,0,400,3,0
1774920691.0054276,138,168,0,390,3,0
1774920691.013364,138,168,0,390,3,0
1774920691.021796,130,162,0,380,3,0
1774920691.03122,125,153,0,375,3,0
1774920691.039156,125,153,0,375,3,0
1774920691.0480843,119,150,0,365,3,0
1774920691.0555243,119,150,0,365,3,0
1774920691.063956,111,144,0,353,3,0
1774920691.0733795,111,144,0,353,3,0
1774920691.0813158,104,133,0,342,3,0
1774920691.0902438,97,124,0,330,3,0
1774920691.0976837,97,124,0,330,3,0
1774920691.1061156,88,116,0,320,3,0
1774920691.1145477,88,116,0,320,3,0
1774920691.1229804,83,112,0,315,3,0
1774920691.1314125,83,112,0,315,3,0
1774920691.139844,76,106,0,302,3,0
1774920691.1477802,76,106,0,302,3,0
1774920691.1557162,64,97,0,287,3,0
1774920691.1998599,64,97,0,287,3,0
1774920691.2082915,57,87,1,277,3,0
1774920691.216228,31,61,0,243,3,0
1774920691.2241638,27,57,0,238,3,0
1774920691.232596,27,57,0,238,3,0
1774920691.2405322,25,52,0,232,3,0
1774920691.249956,25,52,0,232,3,0
1774920691.2578917,21,46,0,221,3,0
1774920691.2663238,10,38,0,209,3,0
1774920691.2747564,10,38,0,209,3,0
1774920691.2831874,3,31,0,198,3,0
1774920691.2911239,3,31,0,198,3,0
1774920691.3000515,0,22,0,190,3,0
1774920691.3089802,0,16,0,181,3,0
1774920691.3188999,0,8,0,171,3,0
1774920691.3263397,0,8,0,171,3,0
1774920691.3352675,0,1,0,164,3,0
1774920691.3427079,0,1,0,164,3,0
1774920691.351636,0,0,0,152,3,0
1774920691.3595717,0,0,0,144,3,0
1774920691.3680036,0,0,0,144,3,0
1774920691.3764358,0,0,0,133,3,0
1774920691.384868,0,0,0,125,3,0
1774920691.3928037,0,0,0,125,3,0
1774920691.4017313,0,0,0,116,3,0
1774920691.4096675,0,0,0,116,3,0
1774920691.4180994,0,1,0,111,3,0
1774920691.4280198,0,1,0,111,3,0
1774920691.4359562,0,0,0,97,3,0
1774920691.443892,0,0,0,89,3,0
1774920691.4538116,0,0,0,89,3,0
1774920691.4622443,0,0,0,75,3,0
1774920691.4706757,0,0,0,68,3,0
1774920691.478612,0,0,0,68,3,0
1774920691.4870436,0,0,0,68,3,0
1774920691.4949794,0,1,1,58,3,0
1774920691.5048993,0,1,1,58,3,0
1774920691.5123408,0,0,0,42,3,0
1774920691.5207717,0,0,0,37,3,0
1774920691.528708,0,0,0,37,3,0
1774920691.53714,0,0,1,27,3,0
1774920691.5445795,0,0,1,27,3,0
1774920691.5530121,0,0,0,18,3,0
1774920691.5604515,0,0,0,18,3,0
1774920691.5698757,0,0,0,1,3,0
1774920691.5778117,0,0,0,0,3,0
1774920691.5862439,0,0,0,0,3,0
1774920691.5936837,0,0,0,0,3,0
1774920691.60162,0,0,0,0,3,0
1774920691.609556,0,0,0,0,3,0
1774920691.6189797,0,0,0,0,3,0
1774920691.6269157,0,0,0,0,3,0
1774920691.6378279,0,0,0,0,3,0
1774920691.6457648,0,0,0,0,3,0
1774920691.6536994,0,0,0,0,3,0
1774920691.6616359,0,0,0,0,3,0
1774920691.670564,0,0,0,0,3,0
1774920691.6775074,0,0,0,0,3,0
1774920691.6864357,0,0,0,0,3,0
1774920691.6943717,0,0,0,0,3,0
1774920691.7032993,0,0,0,0,3,0
1774920691.7127237,0,0,0,0,3,0
1774920691.7206595,0,0,0,0,3,0
1774920691.7290921,0,0,0,0,3,0
1774920691.7390113,0,0,0,0,3,0
1774920691.7469478,0,0,0,0,3,0
1774920691.7548833,0,0,0,0,3,0
1774920691.76282,0,0,0,0,3,0
1774920691.7712522,0,1,0,0,3,0
1774920691.7786918,0,0,0,0,3,0
1774920691.7891076,0,0,0,0,3,0
1774920691.7975402,0,1,0,0,3,0
1774920691.8054752,0,1,0,0,3,0
1774920691.8134122,0,1,0,0,3,0
1774920691.8233316,0,1,0,0,3,0
1774920691.8317633,0,0,0,0,3,0
1774920691.8406918,0,1,0,0,3,0
1774920691.8506117,0,0,0,0,3,0
1774920691.8590436,0,0,0,0,3,0
1774920691.8674755,0,0,0,0,3,0
1774920691.8754115,0,0,1,0,3,0
1774920691.884339,0,0,1,0,3,0
1774920691.8927712,0,0,0,0,3,0
1774920691.901204,0,0,0,0,3,0
1774920691.9096353,0,0,0,0,3,0
1774920691.9195557,0,1,1,0,3,0
1774920691.9269958,0,1,1,0,3,0
1774920691.9364202,0,0,0,0,3,0
1774920691.9438598,0,0,0,0,3,0
1774920691.9532835,0,1,0,0,3,0
1774920691.9607236,0,1,0,0,3,0
1774920691.9696515,0,1,0,0,3,0
1774920691.9790769,0,1,0,0,3,0
1774920691.9875078,0,0,0,0,3,0
1774920691.995444,0,1,0,0,3,0
1774920692.0038755,0,0,0,0,3,0
1774920692.0123081,0,0,0,0,3,0
1774920692.0212362,0,0,0,0,3,0
1774920692.029668,0,0,0,0,3,0
1774920692.0376036,0,0,0,0,3,0
1774920692.0485158,0,0,0,0,3,0
1774920692.056451,0,0,0,0,3,0
1774920692.0663717,0,0,0,0,3,0
1774920692.0743074,0,1,0,0,3,0
1774920692.082739,0,1,0,0,3,0
1774920692.0911715,0,0,0,0,3,0
1774920692.0996032,0,0,0,0,3,0
1774920692.1080356,0,0,0,0,3,0
1774920692.1169636,0,0,0,0,3,0
1774920692.1244037,0,0,0,0,3,0
1774920692.1338277,0,0,0,0,3,0
1774920692.1417637,0,0,0,0,3,0
1774920692.1511874,0,0,0,0,3,0
1774920692.1591234,0,0,0,0,3,0
1774920692.167555,0,0,0,0,3,0
1774920692.1754918,0,0,0,0,3,0
1774920692.1849155,0,0,0,0,3,0
1774920692.1928513,0,0,0,0,3,0
1774920692.2017791,0,0,0,0,3,0
1774920692.2097154,0,0,0,0,3,0
1774920692.2176516,0,0,0,0,3,0
1774920692.2255876,0,1,0,0,3,0
1774920692.2345152,0,1,0,0,3,0
1774920692.2424517,0,1,0,0,3,0
1774920692.2513795,0,1,0,0,3,0
1774920692.2593155,0,0,0,0,3,0
1774920692.2672515,0,0,0,0,3,0
1774920692.2756834,0,0,0,0,3,0
1774920692.2836194,0,0,0,0,3,0
1774920692.2920516,0,0,0,0,3,0
1774920692.3019717,0,0,0,0,3,0
1774920692.310403,0,0,0,0,3,0
1774920692.3188353,0,1,0,0,3,0
1774920692.3267717,0,1,0,0,3,0
1774920692.3361952,0,0,0,0,3,0
1774920692.3451233,0,0,0,0,3,0
1774920692.3540516,0,0,0,0,3,0
1774920692.3614917,0,1,0,0,3,0
1774920692.3709154,0,1,0,0,3,0
1774920692.3793478,0,0,0,0,3,0
1774920692.3867874,0,0,0,0,3,0
1774920692.3947237,0,1,0,0,3,0
1774920692.4026597,0,1,0,0,3,0
1774920692.4101,0,1,0,0,3,0
1774920692.4185314,0,1,0,0,3,0
1774920692.4274595,0,0,0,0,3,0
1774920692.4353952,0,0,0,0,3,0
1774920692.4433312,0,1,0,0,3,0
1774920692.451267,0,1,0,0,3,0
1774920692.4587076,0,1,0,0,3,0
1774920692.466643,0,1,0,0,3,0
1774920692.4740834,0,1,0,0,3,0
1774920692.483011,0,1,0,0,3,0
1774920692.4914434,0,1,0,0,3,0
1774920692.5018597,0,1,0,0,3,0
1774920692.5097954,0,1,0,0,3,0
1774920692.5192194,0,0,0,0,3,0
1774920692.527651,0,0,0,0,3,0
1774920692.5365796,0,1,0,0,3,0
1774920692.5445154,0,1,0,0,3,0
1774920692.554435,0,0,0,0,3,0
1774920692.5628679,0,0,0,0,3,0
1774920692.5712996,0,0,0,0,3,0
1774920692.5792356,0,0,0,0,3,0
1774920692.5871713,0,0,0,0,3,0
1774920692.5956037,0,1,0,0,3,0
1774920692.6035395,0,1,0,0,3,0
1774920692.6134598,0,0,0,0,3,0
1774920692.621395,0,0,0,0,3,0
1774920692.6288362,0,0,0,0,3,0
1774920692.6377633,0,0,0,0,3,0
1774920692.645699,0,0,0,0,3,0
1774920692.6546273,0,0,0,0,3,0
1774920692.6620672,0,0,0,0,3,0
1774920692.6709955,0,0,0,0,3,0
1774920692.6789317,0,0,0,0,3,0
1774920692.6878593,0,0,0,0,3,0
1774920692.696292,0,0,0,0,3,0
1774920692.7047231,0,0,0,0,3,0
1774920692.7136512,0,0,0,0,3,0
1774920692.7220833,0,0,0,0,3,0
1774920692.7300196,0,0,0,0,3,0
1774920692.7384512,0,0,0,0,3,0
1774920692.7458916,0,0,0,0,3,0
1774920692.7543232,0,0,0,0,3,0
1774920692.7627559,0,0,0,0,3,0
1774920692.7721791,0,0,0,0,3,0
1774920692.7796192,0,0,0,0,3,0
1774920692.7875557,0,1,0,0,3,0
1774920692.7974753,0,0,0,0,3,0
1774920692.8049152,0,0,0,0,3,0
1774920692.8148355,0,0,0,0,3,0
1774920692.823267,0,0,0,0,3,0
1774920692.8307073,0,1,0,0,3,0
1774920692.840131,0,1,0,0,3,0
1774920692.8485632,0,0,0,0,3,0
1774920692.8564992,0,1,0,0,3,0
1774920692.8649309,0,0,0,0,3,0
1774920692.8728673,0,0,0,0,3,0
1774920692.8808033,0,0,0,0,3,0
1774920692.8887393,0,0,0,0,3,0
1774920692.8966756,0,0,0,0,3,0
1774920692.905107,0,0,0,0,3,0
1774920692.9160192,0,1,0,0,3,0
1774920692.9239552,0,1,0,0,3,0
1774920692.9323874,0,0,0,0,3,0
1774920692.9398272,0,0,0,0,3,0
1774920692.949747,0,0,0,0,3,0
1774920692.9571872,0,0,0,0,3,0
1774920692.9656188,0,0,1,0,3,0
1774920692.973555,0,0,0,0,3,0
1774920692.981987,0,0,0,0,3,0
1774920692.9899232,0,1,1,0,3,0
1774920692.999347,0,0,0,0,3,0
1774920693.0072827,0,0,0,0,3,0
1774920693.0152192,0,0,0,0,3,0
1774920693.0226588,0,0,0,0,3,0
1774920693.030595,0,1,0,0,3,0
1774920693.0390277,0,1,0,0,3,0
1774920693.0469632,0,1,0,0,3,0
1774920693.0583715,0,0,0,0,3,0
1774920693.071268,0,0,0,0,3,0
1774920693.0841632,0,0,0,0,3,0
1774920693.093091,0,0,0,0,3,0
1774920693.101027,0,0,0,0,3,0
1774920693.1084669,0,0,0,0,3,0
1774920693.1164024,0,0,0,0,3,0
1774920693.1238425,0,0,1,0,3,0
1774920693.1322753,0,0,0,0,3,0
1774920693.1412032,0,0,0,0,3,0
1774920693.1491387,0,0,0,0,3,0
1774920693.1560829,0,0,0,0,3,0
1774920693.1640189,0,0,0,0,3,0
1774920693.170963,0,0,0,0,3,0
1774920693.179891,0,0,0,0,3,0
1774920693.1863382,0,0,0,0,3,0
1774920693.193779,0,0,0,0,3,0
1774920693.2012188,0,0,0,0,3,0
1774920693.2086585,0,0,0,0,3,0
1774920693.2160993,0,0,0,0,3,0
1774920693.223539,0,0,0,0,3,0
1774920693.2304826,0,0,0,0,3,0
1774920693.237427,0,0,0,0,3,0
1774920693.2448668,0,0,0,0,3,0
1774920693.2542913,0,0,0,0,3,0
1774920693.260739,0,0,0,0,3,0
1774920693.268179,0,0,0,0,3,0
1774920693.2756188,0,0,0,0,3,0
1774920693.283059,0,0,0,0,3,0
1774920693.290499,0,0,0,0,3,0
1774920693.2979386,0,0,0,0,3,0
1774920693.3053794,0,0,0,0,3,0
1774920693.3123233,0,0,0,0,3,0
1774920693.3197627,0,0,0,0,3,0
1774920693.3272023,0,0,0,0,3,0
1774920693.335139,0,0,0,0,3,0
1774920693.3425782,0,0,1,0,3,0
1774920693.3510113,0,0,1,0,3,0
1774920693.3579547,0,1,0,0,3,0
1774920693.366387,0,1,0,0,3,0
1774920693.3743227,0,1,0,0,3,0
1774920693.3822591,0,1,0,0,3,0
1774920693.3896987,0,0,0,0,3,0
1774920693.3971388,0,0,0,0,3,0
1774920693.4040833,0,0,0,0,3,0
1774920693.4115224,0,0,0,0,3,0
1774920693.4184668,0,0,0,0,3,0
1774920693.4259067,0,0,0,0,3,0
1774920693.4333467,0,0,0,0,3,0
1774920693.4402912,0,0,0,0,3,0
1774920693.447235,0,0,0,0,3,0
1774920693.454179,0,0,0,0,3,0
1774920693.4616184,0,0,0,0,3,0
1774920693.469059,0,0,0,0,3,0
1774920693.5042746,0,0,0,0,3,0
1774920693.5221322,0,0,0,0,3,0
1774920693.5538754,0,0,0,0,3,0
1774920693.619843,0,0,0,0,3,0
1774920693.6505952,0,0,0,0,3,0
1774920693.6610107,0,0,0,0,3,0
1774920693.6744032,0,0,0,0,3,0
1774920693.7378905,0,0,0,0,3,0
1774920693.848499,0,0,0,0,3,0
1774920693.8589146,0,0,0,0,3,0
1774920693.8668509,0,0,0,0,3,0
1774920693.9114907,0,0,0,0,3,0
1774920694.0508673,0,0,0,0,3,0
1774920694.0786426,0,0,0,0,3,0
1774920694.1064188,0,0,0,0,3,0
1774920694.1143541,0,0,0,0,3,0
1774920694.1525466,0,0,0,0,3,0
1774920694.1644516,0,0,0,0,3,0
1774920694.219507,0,0,1,0,3,0
1774920694.2284348,0,0,1,0,3,0
1774920694.2363703,0,0,0,0,3,0
1774920694.2467864,0,0,0,0,3,0
1774920694.2537305,0,1,0,0,3,0
1774920694.264146,0,1,0,0,3,0
1774920694.275555,0,0,1,0,3,0
1774920694.2904346,0,1,0,0,3,0
1774920694.3891385,0,1,0,0,3,0
1774920694.398563,0,1,0,0,3,0
1774920694.4055066,0,1,0,0,3,0
1774920694.5002434,0,0,0,0,3,0
1774920694.539427,0,0,0,0,3,0
1774920694.5508351,0,0,0,0,3,0
1774920694.5592663,0,0,0,0,3,0
1774920694.5701785,0,0,0,0,3,0
1774920694.5771234,0,0,0,0,3,0
1774920694.5905159,0,1,0,0,3,0
1774920694.6024187,0,1,0,0,3,0
1774920694.6088665,0,0,0,0,3,0
1774920694.6177945,0,0,0,0,3,0
1774920694.6316826,0,0,0,0,3,0
1774920694.7527065,0,0,0,0,3,0
1774920694.75965,0,0,1,0,3,0
1774920694.8762102,0,0,0,0,3,0
1774920694.8881147,0,0,0,0,3,0
1774920694.8965464,0,0,0,0,3,0
1774920694.9084504,0,0,0,0,3,0
1774920694.917379,0,0,0,0,3,0
1774920694.9550743,0,0,0,0,3,0
1774920695.0522902,0,0,0,0,3,0
1774920695.0701463,0,0,0,0,3,0
1774920695.0785787,0,0,0,0,3,0
1774920695.0884984,0,0,0,0,3,0
1774920695.2363076,0,0,0,0,3,0
1774920695.31021,0,0,0,0,3,0
1774920695.322114,0,0,0,0,3,0
1774920695.333027,0,0,0,0,3,0
1774920695.34245,0,0,0,0,3,0
1774920695.5041459,0,0,0,0,3,0
1774920695.5120819,0,0,0,0,3,0
1774920695.5200179,0,0,0,0,3,0
1774920695.527458,0,0,0,0,3,0
1774920695.5348978,0,0,0,0,3,0
1774920695.5790436,0,0,0,0,3,0
1774920695.7040339,0,0,0,0,3,0
1774920695.7129624,0,0,0,0,3,0
1774920695.7213938,0,0,0,0,3,0
1774920695.7303221,0,0,0,0,3,0
1774920695.7387543,0,0,0,0,3,0
1774920695.83349,0,0,0,0,3,0
1774920695.8568017,0,0,0,0,3,0
1774920695.927234,0,1,0,0,3,0
1774920695.937154,0,0,0,0,3,0
1774920696.0338748,0,0,0,0,3,0
1774920696.1305943,0,1,1,0,3,0
1774920696.1390262,0,1,1,0,3,0
1774920696.1816816,0,1,1,0,3,0
1774920696.191106,0,1,1,0,3,0
1774920696.222354,0,1,0,0,3,0
1774920696.3215542,0,0,0,0,3,0
1774920696.4227374,0,0,0,0,3,0
1774920696.4326577,0,0,0,3,3,0
1774920696.4728339,0,0,1,4,3,0
1774920696.4971375,0,0,1,4,3,0
1774920696.5045779,0,0,1,4,3,0
1774920696.546242,0,0,1,4,3,0
1774920696.5541773,0,1,0,3,3,0
1774920696.56261,0,1,0,3,3,0
1774920696.5705454,0,1,0,3,3,0
1774920696.5784822,0,1,0,3,3,0
1774920696.6330414,0,1,0,3,3,0
1774920696.6915696,0,0,0,3,3,0
1774920696.6995053,0,0,0,3,3,0
1774920696.7074418,0,0,0,3,3,0
1774920696.7148812,0,0,0,3,3,0
1774920696.7243056,0,0,0,3,3,0
1774920696.7600176,0,1,0,3,3,0
1774920696.767458,0,1,0,3,3,0
1774920696.7748978,0,1,0,3,3,0
1774920696.7828336,0,1,0,3,3,0
1774920696.7912655,0,1,0,3,3,0
1774920696.8235066,0,0,0,3,3,0
1774920696.8458252,0,0,0,3,3,0
1774920696.9177458,0,0,0,3,3,0
1774920696.925682,0,1,0,3,3,0
1774920697.0724976,0,0,0,3,3,0
1774920697.0819216,0,1,0,3,3,0
1774920697.0903537,0,1,0,3,3,0
1774920697.0992813,0,1,0,3,3,0
1774920697.1077132,0,0,0,4,3,0
1774920697.2589936,0,0,0,4,3,0
1774920697.3785293,0,1,0,3,3,0
1774920697.4251535,0,0,0,4,3,0
1774920697.4916172,0,0,0,3,3,0
1774920697.5625453,0,1,1,4,3,0
1774920697.573953,0,0,0,4,3,0
1774920697.6453774,0,0,1,4,3,0
1774920697.7530088,0,0,0,4,3,0
1774920697.792193,0,0,0,4,3,0
1774920697.925121,0,0,0,4,3,0
1774920697.9330575,0,0,0,4,3,0
1774920697.9434733,0,0,0,4,3,0
1774920698.031761,0,0,1,4,3,0
1774920698.105665,0,0,0,4,3,0
1774920698.113601,0,1,0,4,3,0
1774920698.1220329,0,1,0,4,3,0
1774920698.2921607,0,0,0,4,3,0
1774920698.301585,0,0,0,4,3,0
1774920698.309521,0,0,0,4,3,0
1774920698.3194408,0,1,0,5,3,0
1774920698.4072335,0,0,0,4,3,0
1774920698.4151688,0,1,0,5,3,0
1774920698.4588165,0,1,0,5,3,0
1774920698.4662569,0,1,0,5,3,0
1774920698.4741929,0,1,0,5,3,0
1774920698.5188327,0,0,1,4,3,0
1774920698.5962098,0,0,0,3,3,0
1774920698.6899536,0,0,0,4,3,0
